Row,ANOVA_p
ThetaMean,0.120770923145716
AlphaMean,0.198029797994923
BetaMean,0.784359049987135
