Row,Theta,Alpha,Beta
Control,0.122925,0.659975,0.217125
AD,0.417925,0.414875,0.167175
FTD,0.296525,0.477025,0.226475
